{"_default": {}, "temperature": {"1": {"name": "\u7a1a\u5185", "temperature": -0.6}, "2": {"name": "\u65ed\u5ddd", "temperature": 1.5}, "3": {"name": "\u672d\u5e4c", "temperature": 3.1}, "4": {"name": "\u6839\u5ba4", "temperature": 0.5}, "5": {"name": "\u7db2\u8d70", "temperature": -1.2}, "6": {"name": "\u7a1a\u5185", "temperature": -0.6}, "7": {"name": "\u65ed\u5ddd", "temperature": 1.5}, "8": {"name": "\u672d\u5e4c", "temperature": 3.1}, "9": {"name": "\u6839\u5ba4", "temperature": 0.5}, "10": {"name": "\u7db2\u8d70", "temperature": -1.2}, "11": {"name": "\u7a1a\u5185", "temperature": -0.6}, "12": {"name": "\u65ed\u5ddd", "temperature": 1.5}, "13": {"name": "\u672d\u5e4c", "temperature": 3.1}, "14": {"name": "\u6839\u5ba4", "temperature": 0.5}, "15": {"name": "\u7db2\u8d70", "temperature": -1.2}, "16": {"name": "\u7a1a\u5185", "temperature": -0.6}, "17": {"name": "\u65ed\u5ddd", "temperature": 1.5}, "18": {"name": "\u672d\u5e4c", "temperature": 3.1}, "19": {"name": "\u6839\u5ba4", "temperature": 0.5}, "20": {"name": "\u7db2\u8d70", "temperature": -1.2}}}